"rid";"_cities_rid";"_cltypes_rid";"name";"logo";"address";"phones";"skype";"icq";"url";"isloaded";"actual_days";"price_email";"price_url";"creadits_info";"delivery_info";"worktime_info";"descr";"contact_phones";"contact_email";"contact_person";"createdt";"active";"popularity"
17;8;5;"Евросеть";"Евросеть";"111111";"80672424264";"";"476222743";"http://shop.evroset.ua";false;3;"";"";false;"Бесплатно курьером по Киеву.";"Пн.-Пт.с 9.00-18.00
Сб.-Вс. выходной";"Интернет-магазин «Евросеть» предлагает вам только качественную и сертифицированную в Украине продукцию ведущих мировых производителей по ОЧЕНЬ НИЗКИМ ЦЕНАМ. Всю информацию о интересующем вас  товаре вы можете посмотреть на нашем сайте www.shop.evroset.ua, узнать по телефону 80672424264, или по ICQ 476-222-743. Наши курьеры доставят товар в любую точку Киева абсолютно бесплатно*. Режим работы магазина: с понедельника по пятницу с 09:00 до 19:00. Заказывайте- не пожалеете!!!";"80672424264";"romeo4@ukr.net";"Руслан";[2008/01/15:09:58:06 PM];true;0
18;8;5;"Позвони.kiev.ua";"Позвони.kiev.ua";"1004";"10.11.331";"";"194029141";"http://www.pozvoni.kiev.ua";false;5;"";"";false;"Доставка по г. Киеву в течении рабочего дня (стоимость доставки 10 грн.).
Доставка по Украине осуществляется курьерскими службами \\\\\\\\\\\\\\\\\\\\\\\\\\\\\\\\\\\\\\\\\\\\\\\\\\\\\\\\\\\\\\\""Автолюкс\\\\\\\\\\\\\\\\\\\\\\\\\\\\\\\\\\\\\\\\\\\\\\\\\\\\\\\\\\\\\\\"", \\\\\\\\\\\\\\\\\\\\\\\\\\\\\\\\\\\\\\\\\\\\\\\\\\\\\\\\\\\\\\\""Гюнсел\\\\\\\\\\\\\\\\\\\\\\\\\\\\\\\\\\\\\\\\\\\\\\\\\\\\\\\\\\\\\\\"", \\\\\\\\\\\\\\\\\\\\\\\\\\\\\\\\\\\\\\\\\\\\\\\\\\\\\\\\\\\\\\\""Ночной экспресс\\\\\\\\\\\\\\\\\\\\\\\\\\\\\";"Понедельник - Пятница : 09:00-19:00
Субота : 09:00-16:00";"Наша сервисно-торговая компания рада предложить Вам широкий ассортимент мобильных телефонов, смартфонов, коммуникаторов, КПК от мировых производителей. Также мы предлагаем аксессуары для мобильных телефонов: дата-кабели, гарнитуры Bluetooth, Bluetooth адаптеры, автомобильные и сетевые зарядные устройства, карты памяти и другие комплектующие. Мы предлагаем Вам товары только из официальных поставок с гарантийным обслуживанием в авторизованных сервисных центрах соответствующего производителя.";"10.11.331";"season@meta.ua";"Юлия";[2008/01/15:09:58:06 PM];true;0
20;8;5;"ИОН-Украина";"ИОН-Украина";"1001";"592-33-93, 592-33-83";"";"369251256";"http://www.ionua.com/";true;1;"";"http://www.ionua.com/parser/market_yandex.php";false;"Точная Доставка на следующий день в удобное для Вас время - Бесплатно
На сегодня, Если заказ оформлен до 13:00 - 15 грн.
Вечерняя, Доставка после 19:00 и до 22:00 тарифицируется как вечерняя - 20 грн.
Моментальная, доставим, если будет такая возможность, в течение 2х часов с момента оформления заказа - 30 грн.
Стоимость доставки за пределы Киева (в пределах Киевской области) - 2грн/км начиная от КПП.
Доставка по Украине: www.autolux.ua, www.nexpress.com.ua и www.gunsel.com.ua.";"Пон-Птн с 10 до 19.";"Продаем ноутбуки Asus, Fujitsu-Siemens, IBM, Sony, notebook Toshiba, notebook Acer, HP. Кпк Asus, HTC, E-ten, Gigabyte. Мобильные телефоны Nokia, SE, Samsung. ЖК мониторы. Дешевые мобильные телефоны. Просмотреть цены. Заказать и оформить бесплатную доставка по Киеву, Украине. продажа в Киеве, Украина.";"592-33-93, 592-33-83";"info@ionua.com";"Вячеслав";[2008/01/15:09:58:06 PM];true;0
21;8;5;"Эдера";"Эдера";"3150";"044 233-34-70";"";"294533501";"http://edera.com.ua";true;7;"";"http://edera.com.ua/yandex.php";false;"по Киеву Ваш заказ будет бесплатно доставлен нашей курьерской службой доставки.";"Пн-Сб, с 09-00 до 18-00.";"EDERA интернет магазин бытовой техники: Встраиваемая техника, стиральные машины, холодильники, кондиционеры, LCD телевизоры.";"044 233-34-70";"berenika@voliacable.com";"Хмельницкая Юлия";[2008/01/15:09:58:06 PM];false;0
22;1018;5;"uamobile";"uamobile";"65000";"8(048)798-25-54";"";"";"http://www.uamobile.com.ua";false;1;"";"www.uamobile.com.ua/price.xml";false;"есть - 20 грн";"9.00-19.00";"UAmobile.com.ua - Одесский интернет магазин по продаже мобильных, сотовых телефонов Nokia, Samsung, Sony-Ericsson, Motorola, Siemens, LG. Описания, характеристики, цены помогут выбрать сотовый телефон.Доставка по Одессе в день";"80503912812";"ika_d@ukr.net";"Igor";[2008/01/15:09:58:06 PM];true;0
23;8;5;"Сокол";"Сокол";"2154";"(044) 501 77 11";"";"";"http://www.sokol.ua";true;1;"";"http://www.sokol.org.ua/download/price/yamarket.xml";false;"Доставка осуществляется по Киеву и Украине.";"Прием заказов:	   9:00 - 19:00 Пн-Пт
10:00 - 14:00 Сб. 
Выдача товара:	10:00 - 19:00 Пн-Пт
13:30 - 14:00 Обед
10:00 - 14:00 Сб";"Сокол computers предлагает компьютеры, мониторы, принтеры, комплектующие, ноутбуки, фото-аудио-видео технику. Компьютерная техника по оптовым ценам. Доставка по Киеву и Украине.";"";"reva@sokol.ua";"Рева Светлана";[2008/01/16:11:42:18 AM];true;0
24;1178;5;"Цифрозон";"Цифрозон";"541541";"+8(926) 141-78-21";(null);(null);"http://www.cifrozone.ru";true;14;(null);"http://www.cifrozone.ru/xml.php";false;"доставка по Москве 150 руб";"с 10.00 до 20.00";"Интернет-магазин сотовых телефонов с доставкой по Москве!";(null);"mail@cifrozone.ru";"Вячеслав";[2008/01/22:10:13:59 PM];true;0
25;1299;4;"Сезар-Сервис";"Сезар-Сервис";"188640";"(812) 9700893";(null);(null);"http://www.notebookhp.ru";true;5;(null);"http://www.notebookhp.ru/yandex.php";false;"нет";"c 12 до 20, кроме понедельника";"Оптово-розничный магазин по продаже ноутбуков";(null);"mozharov78@yandex.ru";"Maxim";[2008/01/26:08:04:15 PM];true;0
26;8;4;"Белье и Купальники";"Белье и Купальники";"2068";"+38 044 562 5570";"";"";"http://www.intimo.com.ua";true;1;"";"http://www.djin.com.ua/export/saleinform.xml.php";false;"Курьерская доставка по Украине, доставка почтой, наложенный платеж, курьерская доставка DHL.";"Пн-Пт.: с 10-00 до 19-00 без обеда
Суббота.: с 10-00 до 17-00
Воскресенье: выходной.";"Женское нижнее белье, мужское белье, купальники, чулки, колготы, кофточки, силиконовый бюстгальтер, силиконовые и декоративные бретельки. Лучшие брэнды Италии и Испании: Leilieve, Pierre Cardin, Sielei, Lepel, Papillon, Laura Biagiotti, Lormar, Trasparenze, Lilly, Ory, Udy. Розничная и оптовая продажа белья и купальников.";"067 239 8550";"info@djin.com.ua";"Вадим Ошкало";[2008/02/01:12:22:05 PM];true;0
27;1299;5;"Мир Моделей";"Мир Моделей";"197341";"812-3350685";"";"340127";"http://www.modelsworld.ru/";true;1;"";"http://www.modelsworld.ru/shop/yandex.php";false;"EMS по России и ближнему зарубежью. По городу курьером.";"Ежедневно с 11.00 до 20.30 без обеда и выходных";"Мир Моделей! Все для моделизма. Стендовые, радиоуправляемые модели и модели железных дорог. Материалы и инструменты для моделизма.";"812-3350685";"sales@modelsworld.ru";"Дмитрий Ежов";[2008/02/01:12:48:27 PM];true;0
28;1178;5;"Магистр";"Магистр";"123321";"(495)643-0-333";"germagen";"327980166";"http://www.gsmstar.ru";false;1;"";"";false;"Кoмпaния Gsmstar.ru  пpeдocтaвляeт услуги по дocтaвкe oбopудoвaния для экoнoмии вaшeгo вpeмeни и pecуpcoв. Пo вceм paзмeщeнным зaкaзaм дocтaвкa ocущecтвляeтcя в тeчeниe 1-2 днeй пocлe coглacoвaния зaкaзa c мeнeджepoм кoмпaнии. 
Зaявки нa дocтaвку, пpинятыe в субботу после обеда, выпoлняютcя нa cлeдующeй нeдeлe. 
Куpьepcкaя cлужбa кoмпaнии ocущecтвляeт дocтaвку зaкaзoв клиeнтaм пo paбoчим дням c 10.00 дo 19.00.";"пo paбoчим дням c 10.00 дo 19.00.";"Предлагаем GSM шлюзы, терминалы, а так же стационарные GSM телефоны Wavelink. EDGE и GPRS модемы Siemens, Conel, Nowacom. Аксессуары к GSM оборудованию ( GSM антенны, интерфейсные кабели, блоки питания). Розничные и оптовые поставки. Доставка по России. Предоставляем гарантию на все оборудование, а также гарантийное и после гарантийное техническое обслуживание.";"(495)643-0-333";"info@mobileme.ru";"Синицын Антон";[2008/02/01:01:42:08 PM];true;0
29;1178;5;"Med-Magazin.ru";"Med-Magazin.ru";"125364";"221-53-00";"";"";"http://www.med-magazin.ru";true;1;"";"http://med-magazin.ru/ymprice.php";false;"Доставка по Москве в течении 24 часов собственной курьерской службой. 
Доставка по всей России!";"Ежедневно с 10.00 до 20.00, без выходных и перерывов";"Магазин медтехники, реабилитационного оборудования,  медицинских товаров и средств по уходу за больными и пожилыми людьми, по  адресу: г.Москва, ул.Свободы, д.42. Вы можете заказать товар в нашем магазине из любой страны мира. Возможность оплаты кредитными картами, электронными деньгами. Доставка по Москве в течении 24часов собственной курьерской службой. Доставка по всей России! Вы можете заказать товар в нашем магазине из любой страны мира. Оплатить покупку кредитной картой, а мы доставим его вашим близки";"749-08-81";"armen@med-magazin.ru";"Армен Эдуардович";[2008/02/03:01:27:36 PM];true;0
30;8;5;"kmstroy";"kmstroy";"20020";"80442294310";"";"412005143";"http://km-stroy.com.ua";false;1;"";"";false;"Стоимость доставки по Киеву 100грн., по области обсуждается отдельно.";"С понедельника по пятницу с 9:00 до 18:00.";"KM-STROY.COM.UA  Интернет-магазин стройматериалов для ремонта домов, квартир и офисов в г. Киеве и Киевской области. Большой выбор материалов.  Быстрая и гарантированная доставка. Возникли вопросы ?!  Звоните прямо сейчас: (044) 229-43-10";"(044)2294310";"kmstroy@gmail.com";"Антон";[2008/02/04:11:52:30 AM];true;0
31;1178;5;"Anysoft.ru";"Anysoft.ru";"125315";"+7 495 101-3954";"";"";"http://www.anysoft.ru";true;1;"";"http://www.anysoft.ru/market.php";false;"Электронно и физическая поставка.";"интернет-магазин";"Поставка профессионального программного обеспечения";"+7 495 101-3954";"info@anysoft.ru";"Менеджер Магазина";[2008/02/04:03:35:47 PM];true;0
32;1178;5;"Раннее развитие";"Раннее развитие";"107023";"(495)509-42-24, 502-32-71";"";"";"http://www.razvivalki.ru";true;3;"";"http://www.razvivalki.ru/cgi-bin/price_yml_yandex.pl";false;"Доставка по всему миру.";"Круглосуточно. Доставка в пределах Москвы - только по рабочим дням.";"Интернет-магазин развивающих игр для детей. Доставка развивающих игр в любую точку мира! Быстрая доставка развивающих игр по Москве! Мы даем скидки вам и вашим друзьям. Максимальная скидка в нашем магазине - 26%!";"(495)502-32-71";"rk-dom@mail.ru";"Алексей Буров";[2008/02/05:11:02:51 AM];true;0
33;8;5;"Дномобайл";"Дномобайл";"3110";"(044) 593-87-53";"";"146638639";"http://www.dno.com.ua/";true;3;"";"http://dno.com.ua/yml/yandex.php";false;"Бесплатная доставка по Киеву";"пн.-пт. 10.00-18.00";"Лучшие цены на электронику в \""Дномобайл\""";"(044) 593-87-53";"info@dno.com.ua";"Денис";[2008/02/06:01:58:50 PM];true;0
34;1178;5;"Си Тек ООО";"Си Тек ООО";"143900";"(495)521-81-21";"";"";"http://www.retop.ru";true;1;"";"http://www.retop.ru/yandex.php?download=1";false;"• Доставка на сумму до 3000 рублей:в пределах МКАД – 150 руб.
за пределы МКАД – 150 руб. + 20 руб./км  
• Доставка на сумму более 3000 рублей:в пределах МКАД – бесплатно
за пределы МКАД – 20 руб./км
Подъем: Холодильник - 100 рублей за этаж; Стиральная машина, плита (газовая, электрическая), телевизор с размером диагонали от 26 дюймов и более - 50 рублей за этаж";"с 10:00 до 19:00 с понедельника по пятницу.";"В магазине ReTop.RU  вы всегда найдете широкий ассортимент товаров. Весь ассортимент бытовой техники Bork - соковыжималки Bork, кофемолки Bork, кофеварки Bork, пылесосы Bork и др.. Ассортимент техники Dyson - пылесосы Dyson. Ассортимент климатической техники Nobo - конвекторы Nobo, обогреватель стеклянный Nobo. Ассортимент климатической техники THERMOR - конвектор THERMOR. Timberk -  водонагреватели накопительные Timberk.";"";"info@retop.ru";"Сергей";[2008/02/15:10:24:16 PM];true;0
35;1178;5;"Дайв Сайт";"Дайв Сайт";"125565";"(495) 601-9432, (800) 333-3483";"AppexDiving";"";"http://www.appexdiving.ru";true;2;"";"http://www.appexdiving.ru/yandexXML";false;"В любой регион России и страны СНГ.";"Заказы принимаются круглосуточно.";"Магазин снаряжения для дайвинга и подводной охоты.";"(495) 601-9432, (800) 333-3483";"post@appexdiving.ru";"Виталий Рокотянский";[2008/02/18:04:22:13 PM];true;0
36;8;5;"Софткей-Украина";"Софткей-Украина";"3037";"+38 044 494 44 88";"";"246251724";"http://www.softkey.ua";false;1;"";"http://www.softkey.ua/hint_ua.php";false;"Доставка осуществляется по тарифам курьерских служб. Доставка по Киеву курьером.";"Круглосуточно";"Софткей-Украина - интернет-супермаркет лицензионного программного обеспечения.
Более 6000 программных продуктов от более чем 600 разработчиков. Честные цены, быстрая доставка, качественный суппорт!";"+38 044 494 44 88";"stas@softkey.ua";"Стас Рудый";[2008/02/19:10:55:21 AM];true;0
37;8;4;"СПЕКТР-ПЛЮС";"СПЕКТР-ПЛЮС";"3039";"80683550271";"";"";"http://www.profix.com.ua";false;14;"";"";false;"По Украине за счет заказчика любым перевозчиком.";"Ежедневно с 10-00 до 18-00, кроме субботы, воскресенья";"Наша Компания предлагает оптом и в розницу широкий спектр материалов для кузовного ремонта и покраски автомобилей: PPG, Profix, Sata, Colad, Automaxxx, 3M, Hamach (автоэмали, лаки, шпатлевки, амбразивные материалы, полироли, и т.д.)";"";"adm.spektr@gmail.com";"Светлана";[2008/02/19:09:54:49 PM];true;0
38;8;5;"MC-Trade";"MC-Trade";"2147";"(044)5923725";"";"159708665";"http://www.mc-trade.kiev.ua/";true;14;"";"http://www.mc-trade.kiev.ua/mctrade_price.xml";false;"Доставка по Киеву бесплатно. Доставка по Украине.";"Пн-Пт 10.00-18.00, Сб. 10.00-15.00";"MP3 флеш и HDD плейеры, цифровые фотоаппараты.";"(044)5923125";"sales@mc-trade.kiev.ua";"Дмитрий";[2008/02/25:02:35:18 PM];true;0
39;8;5;"kypi.com";"kypi.com";"3040";"(044) 2234764";"";"228154966";"http://www.kypi.com.ua";false;1;"";"http://kypi.com.ua/price.php";false;"Стоимость доставки товара 20грн.";"Пн-Пт с 10-00 до 19-00 Сб с 10-00 до 16-00";"Интернет магазин www.kypi.com.ua  предлагает цифровую фото и видеотехнику, мр3 плееры, карты памяти, флеш карты и многое другое с доставкой по Киеву";"2234764";"asp@ukr.net";"Александр";[2008/02/25:02:45:44 PM];true;0
40;8;5;"Электромаг";"Электромаг";"2140";"+38(044)361-39-41, +38(068)592-98-42";"";"362873333";"http://www.electromag.com.ua/";false;1;"";"http://www.electromag.com.ua/export/nadavi.xml";false;"Киев - бесплатно.
Доставка по Украине происходит при поддержке курьерских служб доставки. Стоимость и время доставки рассчитывается индивидуально, в зависимости от дальности, габаритов и веса груза, а так же от выбранного перевозчика и способа доставки. Доставку Вашего товара в транспортную компанию мы осуществляем БЕСПЛАТНО.";"* по рабочим дням – с 10-00 до 18-00
                    * суббота – с 11-00 до 14-00 (работают дежурные менеджеры)";"ЭлектроМаг - интернет магазин бытовой техники в Киеве, специализирующийся на оптовой и розничной продаже бытовой техники и электроники ведущих мировых производителей. В нашем каталоге вы всегда найдете компьютеры, ноутбуки, сумки для ноутбуков, КПК, аксессуары для КПК, карты памяти, цифровые фотоаппараты, цифровые фоторамки, MP3—плееры, цифровые диктофоны, портативные DVD—плееры. Цены на бытовую технику указаны в гривнах и у.е.";"380443613941";"info@electromag.com.ua";"Сергей";[2008/02/26:02:01:17 AM];true;0
41;8;5;"Комбинат";"Комбинат";"3124";"2062049";"";"";"http://www.servertrade.kiev.ua";false;1;"";"";false;"Киев и область";"24.07.2009";"У нас Вы можете купить серверы IBM, HP, Dell, компьютеры HP, Dell, ноутбуки HP, Dell, источники бесперебойного питания APC,заказать прокладку сетей
для Вашего офиса.";"";"gerelis@gmail.com";"Роман";[2008/02/26:01:48:22 PM];true;0
43;1178;5;"А-Видео";"А-Видео";"123104";"(495) 788-41-40, (495) 788-4185";"";"";"http://www.pioneerland.ru/";true;1;"";"http://www.pioneerland.ru/market.php";false;"Доставка оборудования по России
Уважаемые клиенты магазина в случае если Вам необходимо произвести доставку, служба доставки нашего магазина предоставит свои услуги, надежно и вовремя.
Доставка товаров в регионы России осуществляется только при условии 100% предоплаты согласно выставленного счета,
и отправляется транспортными компаниями до ближайшего города покупателя, услуги транспортных компаний оплачивается покупателем при получении груза.";"Режим работы салона HI-FI техники PIONEERLAND:
с 10-00 до 21-00   пон.- вос.";"ООО \""А-ВИДЕО\""
Специализированный магазин по продаже и установке цифрового оборудования PIONEER";"(495) 788-41-40";"info@pioneerland.ru";"Дмитрий";[2008/03/03:12:37:01 PM];true;0
44;1299;5;"ИРС";"ИРС";"191023";"(812) 601-06-89";"";"380903878";"http://www.boutique.ru";true;1;"";"http://www.boutique.ru/export/yandex.php";false;"Мы доставляем наши товары в любую точку мира";"круглосуточно";"Boutique.ru – это виртуальный бутик для настоящих ценителей одежды класса люкс.
Наш бутик предлагает одежду и аксессуары от более чем 200 ведущих фешн-дизайнеров и модных брендов со всего мира.
В виртуальных галереях Boutique.ru Вашему вниманию предлагается более 10 000 товаров: от последних коллекций женской одежды до эксклюзивных, созданных вручную, мужских костюмов, от изящных кожаных изделий и ювелирной бижутерии до casual и роскошного денима, представленного наряду с эксклюзивными сумками и обувью от и";"(812) 601-06-89";"vg@boutique.ru";"Вадим Говоров";[2008/03/03:03:19:22 PM];false;0
45;10;5;"InterStar.UA";"InterStar.UA";"83000";"+38(093)4177777";"+38(093)4177777";"373666533";"http://www.interstar.ua/";true;1;"";"http://www.interstar.ua/mobile/export/yandexmarket.xml.php";false;"По Киеву и Донецку, по СНГ ЖД и автотранспортом.";"Приём заказов через сайт КРУГЛОСУТОЧНО. Обработка заказов и связь с менеджером ежедневно с 9-00 до 19-00 по Киевскому времени, без выходных.";"Каталог мобильных телефонов и аксессуаров.";"380507567575";"stas@interstar.ua";"Станислав";[2008/03/03:06:09:31 PM];true;0
46;1178;5;"Сервис-ДА!";"Сервис-ДА!";"125167";"(495)961-26-06,961-26-05";"";"";"http://www.dymoshop.ru/";true;14;"";"http://www.dymoshop.ru/yandex.xml";false;"Сумма заказа для бесплатной доставки по г. Москва - 2000 рублей.Сроки доставки заказов стоимостью от 2000 до 8000 руб.: 2-3 дня после зачисления денег на расчетный счет.
Сроки доставки заказов стоимостью от 8000 руб. и выше: 1-2 дня после зачисления денег на расчетный счет.
Заказы стоимостью менее 2000 рублей можно получить только в нашем офисе, по предварительному заказу.";"Время работы офиса: с 9-30 до 17-30 в будние дни.";"Первый в России специализированный интернет-магазин по продаже ленточных принтеров Dymo и расходных материалов Dymo. Все электронные принтеры Dymo имеют официальную 2-х летнюю гарантию.";"961-26-06, 961-26-05";"servis-da@yandex.ru";"Дмитрий";[2008/03/03:06:51:00 PM];true;0
47;8;4;"Сейфы, замки";"Сейфы, замки";"1032";"234-51-53, 235-27-55";"";"385584376";"http://www.safelock.com.ua";true;14;"";"http://www.safelock.com.ua/market_yandex.php";false;"Доставка по Киеву, Харькову, Одессе, Донецку, Днепропетровску, Львову (до 1 эт. при отсутствии лифта) - 102 грн. Подъем на этаж просчитывается в зависимости от массы доставляемых сейфов.";"Пн-Пт: с 9.00 до 19.00 (без перерыва)
Сб: с 10.00 до 15.00 (без перерыва)
Вс: выходной";"Продажа сейфов различного назначения и конструкции (огнестойких, взломоустойчивых, для дома и офиса), замков, металлической мебели и дверной фурнитуры. Доставка по Киеву и Украине, гарантийное и послегарантийное обслуживание. Изготовление сейфов по индивидуальному заказу.";"234-83-47";"info@safelock.com.ua";"Баранова Елена";[2008/03/04:01:03:02 PM];true;0
48;8;5;"Игровые приставки";"Игровые приставки";"1011";"599-66-12,599-47-55";"";"";"http://www.pristavki.com.ua";true;14;"";"http://www.pristavki.com.ua/yandex.php";false;"Доставка по Киеву бесплатная.";"Режим работы:Понедельник-пятница:с 9.00 до 19.00
Суббота:	с 9.00 до 16.00
Воскресение:	выходной";"Интернет магазин по продаже игровых приставок, игр и аксессуаров.";"599-66-12";"psp100@online.ua";"Юлия";[2008/03/04:06:54:26 PM];true;0
49;8;5;"MVideo";"MVideo";"4074";"(044)4916222";"";"";"http://www.mvideo.kiev.ua";true;7;"";"http://mvideo.kiev.ua/price.php";false;"Доставка осуществляется с ПН по ПТ (с 11:00 до 20:00) , в СБ (с 10:00 до 16:00) бесплатно";"Пн-Пт (10:00-19:00)
Сб (10:00-16:00)";"Уважаемые посетители!
Интерент-магазин MVideo предлагает широкий ассортимент бытовой техники, аудио- и видео- электроники! Бесплатная доставка, подбор техники, консультация по товару! Звоните! Будем рады помочь!";"(044)4916222";"info@mvideo.kiev.ua";"Marina";[2008/03/05:02:31:59 PM];true;0
50;8;5;"bt-shop.com.ua";"bt-shop.com.ua";"2324";"044-2373949/2375200";"";"";"http://www.bt-shop.com.ua";true;10;"";"http://www.bt-shop.com.ua/index.php?show_price=yes";false;"Доставка по Киеву и киевской области";"Пн-Пт: 09-19.00, Сб: 09-14.00, Вс: выходной";"Bt-shop:бытовая и встраиваемая техника.Ауди-Видео электроника. Телевизоры.";"2373949/2375200/";"admin@bt-shop.com.ua";"Ирина";[2008/03/06:01:42:23 PM];true;0
51;1306;5;"Фламинго";"Фламинго";"620063";"8-800-200-2357";"flamingoservice";"469845005";"http://www.flamingo.ru";true;14;"";"http://www.flamingo.ru/tovar.yandex2.asp";false;"доставка цветов и подарков в течение одного дня с момента заказа";"круглосуточно";"Доставка цветов и подарков по России, СНГ и всему миру";"";"ruslan@flamingo.ru";"Евгений";[2008/03/11:12:43:59 PM];true;0
52;8;5;"AVMix.com.ua";"AVMix.com.ua";"4214";"(044)2294199 (050)4304415 (067)4304415";"";"395219934";"http://www.avmix.com.ua";false;1;"";"";false;"Доставка в пределах Киева и пригорода.  Доставка платная  от 10 до 20грн.";"Пн-Пт 10-00 до 19-00
Сб 10-00 до 13-00
Вс выходной";"У нас Вы можете выбрать и купить кухонные комбайны, холодильник, стиральную машину, соковыжималку, утюги, пылесосы и многое другое. Всегда Вам рады.";"";"consult@avmix.com.ua";"Марчук Андрей";[2008/03/20:12:05:00 PM];true;0
53;8;5;"Fotomax.com.ua";"Fotomax.com.ua";"3041";"4914780";"";"";"http://www.fotomax.com.ua";true;5;"";"http://www.fotomax.com.ua";false;"Доставка по Киеву
Доставка осуществляется с ПН по ПТ (с 10:00 до 19:00) , в СБ (с 11:00 до 16:00) Стоимость доставки: 
- для товаров стоимостью свыше 30у.е. доставка БЕСПЛАТНАЯ,
- для товаров стоимостью менее 30у.е. стоимость доставки по Киеву составляет 20 грн.
Доставка осуществляется по мере возможности, при заблаговременном заказе (желательно за сутки).
Возможность доставки просьба уточнять у наших менеджеров.";"Режим работы:
ПН..ПТ 
менеджеры: с 9:30 до 18:00
доставка: с 10 до 19:00
СБ
все службы: с 11 до 16:00 
ВС
Выходной";"Интернет-магазин FOTOmax. Продажа цифровой техники. Фото, видео, компьютерная, аудио техника. Украина. Киев";"";"info@fotomax.com.ua";"Андрей";[2008/03/20:01:17:48 PM];true;0
54;8;5;"Разноторг";"Разноторг";"4080";"4593777";"";"";"http://www.raznotorg.com.ua/";true;7;"";"http://raznotorg.com.ua/yandex/yandex_xml_raznotorg.xml";false;"Доставка по Киеву и Украине.";"с 9:00 до 18:00 по будням.";"Продажа различной электроники и электротехники.";"4593777";"yaroslav1977@list.ru";"Ярослав";[2008/03/20:02:02:52 PM];true;0
55;8;5;"Хит-маркет";"Хит-маркет";"3190";"8(044)223-81-20";"";"355343853";"http://www.hit-market.com.ua";true;3;"";"ftp://hit-market.com.ua/public_html/modules/Prise/prise.xls";false;"Доставка по г.Киев
платная и бесплатная в зависимости от товара";"пн-пт : 9-00 - 19-00
сб : 10-00 - 15-00";"Интернет магазин Hit-market продажа мобильных телефонов, цифровой техники, аксесуаров, ноутбуков,компьютеров и комплектующих.Большой выбор бытовой техники.Гарантия от производителя. Доставка по киеву.8(044)223-81-20";"8(044)2238120, 8(093)4044583";"operator@hit-market.com.ua";"Сергей";[2008/03/20:05:03:29 PM];true;0
56;8;5;"ТЕХНОСТАР Ю ЭЙ";"ТЕХНОСТАР Ю ЭЙ";"3134";"8-044-223-25-46";"";"363009305";"http://www.tehnostar.com.ua";true;5;"";"http://www.tehnostar.com.ua/prices/tehnostar.price.xml";false;"Бесплатная доставка по г. Киеву, если сумма заказа превышает 1000 грн.
Доставляем по всей Украине!";"пт.-пн. 9:00-18:00
сб. 10:00 - 16:00";"Интернет магазин бытовой техники ТЕХНОСТАР, LCD телевизоры Sony, ЖК телевизоры Sharp, купить LCD телевизоры Panasonic, плазменные телевизоры, продажа в Киеве, доставка по Украине";"223-25-46";"tehno-star@ukr.net";"Костя";[2008/03/21:01:29:07 PM];true;0
57;8;5;"Tehnovip.com";"Tehnovip.com";"4213";"5878867";"";"495071103";"http://www.tehnovip.com";true;7;"";"";false;"доставка по Киеву дезплатно!";"c 9.00 до 20.00";"Интернет магазин низких цен!";"5878867";"Semenchenko@lan.com.ua";"Семенченко Андрей";[2008/03/21:01:40:36 PM];true;0
58;8;5;"AIMarket";"AIMarket";"83000";"+38(095)624-27-48";"";"304006123";"http://www.aimarket.com.ua";true;1;"";"http://aimarket.com.ua/administrator/index2.php?pshop_mode=admin&page=product.csv_upload&option=com_";false;"Доставка при помощи курьера по Донецку, Макеевке.

Доставка по всей Украине при помощи Гюнсел, Автолюкс, Ночной экспресс.";"Режим работы с понедельника по субботу с 10 до 18.

Прием заказов в режиме online 24/7/365";"Широкий ассортимент компьютерной и офисной техники. Всегда в наличии видеокарты, процессоры, материнские платы, планки памяти, мультимедиа, жесткие диски, принтеры, сканеры, кпк, ноутбуки по самым оптимальным ценам в Украине.";"";"tsipiniuk@gmail.com";"Алексей";[2008/05/13:09:40:30 PM];true;0
59;8;5;"ТехноХата";"ТехноХата";"4112";"8044-501-92-97";"";"";"http://www.tehnohata.com";true;7;"";"\\\\Comp\\f\\Прайс для и-нет\\Е каталог\\tehnohata_bm.xml";false;"Доставка по Киеву бесплатная. Доставка по Киевскому региону платная - оплачивается только в одну сторону от КП 5 грн/км. Подъём на этаж и занос в квартиру при наличии лифта - бесплатно. По Украине отправляем товар удобным для клиента трансагенством по предоплате.";"График работы будние дни: с 9-00 до 18-00, суббота с 9-00 до 14-00.";"Магазина ТЕХНОХАТА предоставляет широкий выбор аудио, видео, бытовой, фото техники, телефонии. А так же климатическое оборудование: сплит системы, конвекторы, обогреватели, бойлеры, увлажнители и осушители воздуха. Выбор крупной, мелкой и встраиваемой техники позволит обеспечить Ваш дом всеми необходимыми предметами, тем самым, сделав свой дом УМНЫМ.  У наших консультантов, по возможности, вы можете получить дополнительную скидку, что бы гарантированно иметь с нами только ХОРОШЕЕ настроение.";"501-92-97";"shop@tehnohata.com";"Наталья Боборыкина";[2008/03/21:02:42:22 PM];true;0
60;8;5;"ЕвроТехника";"ЕвроТехника";"8132";"(044) 2470978";"";"";"http://www.evrotehnika.com.ua";true;1;"";"http://www.evrotehnika.com.ua";false;"Осуществляется доставка и установка техники по Киеву и области.";"Понедельник-Пятница с 9-30 до 20-00
Суббота-Воскресенья выходной";"Интернет-магазин бытовой, втраиваемой, аудио-, видео-, техники. Стиральные машины, холодильники, плиты, телевизоры. В нашем ассортименте более 3000 наименований товара! У нас Вы можете найти и купить последние новинки лидеров- производителей бытовой техники! Ассортимент нашего магазина постоянно обновляется.";"";"tehnoman@bigmir.net";"Олег";[2008/03/23:03:52:36 PM];true;0
61;1309;5;"Палитра";"Палитра";"214000";"+7(951) 6991983";"";"420927933";"http://www.my-cosmetic.net.ru";true;10;"";"http://www.my-cosmetic.net.ru/yandex.php";false;"Доставка по России и странам СНГ осуществляется Почтой России.";"круглосуточно, без выходных.";"Интернет магазин косметики  с доставкой по  всей России. Белорусская косметика.  Косметика для лица и косметика для тела, декоративная косметика. Косметика Белита, Витекс.";"";"info@my-cosmetic.net.ru";"Мария";[2008/03/24:08:33:21 AM];true;0
62;8;5;"Elfor";"Elfor";"1042";"8(044)537-2396";"elforcom";"327211419";"http://www.elfor.kiev.ua";true;14;"";"http://www.elfor.kiev.ua/yandex.php";false;"Доставка по Украине - по Киеву бесплатно";"Пн-Пятн с 9-00 до 19-00";"Лучшие акустические системы и мультимедиа, ноутбуки,мониторы и другая техника. Гарантия и доставка";"8(044)537-2396";"sergey.leshuk@folgat.com";"Сергей Лещук";[2008/03/24:03:16:15 PM];true;0
63;8;5;"Экспедиция";"Экспедиция";"2091";"8(044)232-78-28";"";"488228928";"http://www.expedition.com.ua";true;3;"";"http://www.expedition.com.ua/xml.yml.php";false;"1. Доставка курьером (по Киеву)
Доставка осуществляется курьером в течение 1-2-х дней, в удобное для Вас время.
2. Транспортной компанией (САТ, Автолюкс, Гюнсел)
Стоимость доставки - бесплатно, при стоимости заказа более 200 грн, при меньшей сумме заказа стоимость доставки - 20 грн.
3. Почтой.Наложенным платежом.
Стоимость доставки - бесплатно, при стоимости заказа более 200 грн, при меньшей сумме заказа стоимость доставки - 20 грн.";"ежедневно с 9 до 21.00";"Магазин «Экспедиция» восполняет недостаток радости, находит неожиданные образы,  предлагает веселые и практичные подарки. Также разнообразный и широкий выбор товаров для путешествий, активного отдыха и приключений.";"8(044)232-78-28";"igor@expedition.com.ua";"Игорь";[2008/03/31:02:55:42 PM];true;0
64;8;5;"Fishery.com.ua";"Fishery.com.ua";"1001";"5995540";"";"";"http://www.fishery.com.ua";true;7;"";"http://fishery.com.ua/market.php";false;"Доставка:
Доставка по Киеву осуществляется на следующий рабочий день или в этот же день если заказ был сделан до 12:00. Стоимость доставки при заказе до 120 грн. составляет 25 грн. При заказе на сумму свыше 120 грн.  доставка бесплатна.
Доставка по Днепропетровску оговаривается индивидуально с заказчиком.
Доставка по Украине осуществляется при сумме заказа от 150 грн. через компании


Если у вас есть любые вопросы, пожалуйста, свяжитесь с нашим отделом обслуживания.
Тел.: 8(044) 599 55 40, 8(063) 178 82 40,";"с  9 до  18";"Интернет магазин рыболовных товаров \\\\\\\\\\\\\\\\\\\\\\\\\\\\\\\""Рыболов\\\\\\\\\\\\\\\\\\\\\\\\\\\\\\\"",занимается реализацией  товаров для рыбной ловли таких известных марок как Salmo,Balzer,Shimano,Кизляр,Lucky John, Vision, Cobra, Kamasan, Mepps, Norfin и другие.Весь товар обеспечивается гарантией производителя.
В нашем магазине действуют следующие скидки.
При покупке:
от 2 000 - 1 %, 
от 5 000 - 2%, 
от 10 000 - 3%

 Если у вас есть любые вопросы, по нашему асортименту, оплате или доставке то свяжит";"5995540";"fisheryadmin@gmail.com";"Alexandr";[2008/03/31:03:55:54 PM];true;0
65;8;5;"Need.com.ua";"Need.com.ua";"2121";"80663505260";"";"487569497";"http://www.need.com.ua";true;1;"";"http://need.com.ua/index.php?show_price=yes";false;"1. По городу Киеву и Киевской обл.
Стоимость доставки по Киеву - 30.00 грн. 
По Киевской области - 30.00 грн. +1 грн. за км. от черты города по показанию счетчика. 
Доставка осуществляется только по точному адресу. Время доставки оговаривается индивидуально. Сроки доставки товара - от 1 до 3 дней. 

2. В другие города Украины (областные и районные центры) доставка осуществляется только Укрпочтой или Автолюксом. Стоимость доставки составляет 30.00 грн. Сроки доставки товара - от 3 до 7 дней.";"Пн. - Пт. 
с 10:00-19:00";"Интернет-магазин пуховых одеял и подушек по оптовым ценам.";"80663505260";"need2007@mail.ru";"Виталий";[2008/03/31:04:18:23 PM];true;0
66;8;5;"Pont.com.ua";"Pont.com.ua";"1010";"8(068)124-72-31";"";"";"http://www.pont.com.ua";true;1;"";"http://www.pont.com.ua/market_yand.php";false;"Доставка по Украине бесплатно.
По Киеву - курьером, по Украине - курьерской службой на склад в городе заказчика.";"Круглосуточно.";"Гламурные часы и копии часов элитных швейцарских марок. Скидки. Гарантия на часы от 6 мес. Регулярное обновление ассортимента копий часов. Доставка по Украине бесплатно.";"8(068)124-72-31";"golpan@ukr.net";"Огнев Виталий";[2008/03/31:05:02:37 PM];true;0
67;8;5;"BedShop";"BedShop";"4112";"8-067-506-00-83";"";"";"http://www.bedshop.ua/";true;14;"";"";false;"1. Курьерской службой по Киеву. Доставка с понедельника по субботу с 11-00 до 20-00. Доставка бесплатно 

2. По почте наложенным платежом - для жителей всех регионов Украины. Срок доставки от 4-х до 7-и календарных дней. Стоимость доставки составляет 5% от стоимости заказа.";"С понедельника по субботу с 11-00 до 20-00!";"Первый в Украине интернет-магазин постельного белья 
Постельное белье 7 торговых марок, подушки, одеяла
Бесплатная доставка по Киеву
Оперативная доставка по Украине
Накопительная система скидок
Специальные скидки для корпоративных заказов";"8-096-649-64-09";"info@bedshop.com.ua";"Irina";[2008/03/31:09:58:37 PM];true;0
68;8;5;"Ваш текстиль";"Ваш текстиль";"2002";"8(044)2191646";"";"356881767";"http://shop.vashtextil.com.ua";false;1;"";"";false;"По Киеву 20 грн, сумма заказа больше 400 грн достака бесплатна.";"10.00-18.00";"Интернет-магазин “Ваш текстиль” предлагает широкий ассортимент текстильных товар лучшего качества и дизайна. Весь товар находится в красивой упаковке и имеет подарочный вид.  Ваш заказ будет у вас уже на следующий день после оформления покупки.";"219-16-46";"shop@vashtextil.com.ua";"Юра";[2008/04/01:04:43:26 PM];true;0
69;8;5;"A-trade";"A-trade";"4080";"(044)230-87-29";"";"";"http://www.a-trade.com.ua";true;3;"";"http://a-trade.com.ua/yandex/index.php";false;"По Киеву 10 грн. до подъезда, по Украине курьерскими службами";"с 10 до 19";"Продажа бытовой, аудио-видео техники,систем кондиционирования и отопления , ноутбуков, мониторов, парфюмерии, солнцезащитных очков, цифровых фотоаппаратов, кулеров , швейных машинок, оптических систем, ротанговой мебели и т.д.";"(044)230-87-29";"sale@a-trade.com.ua";"Сергей";[2008/04/01:04:52:15 PM];true;0
70;1178;5;"EXPARK";"EXPARK";"127000";"(495) 645-16-06";"";"";"http://www.expark.ru/";true;14;"";"http://www.expark.ru/yandex.php";false;"Стоимость доставки по Москве 200 руб.";"Пн.-птн. с 10-00 до 19-00";"Здесь Вы найдете именно то, что нужно для настоящего праздника, для того, чтобы сделать счастливыми ваших юбиляров, именинников, молодоженов, коллег по работе, просто друзей или родственников. Мы предлагаем широкий выбор подарков на любой случай жизни, по любому поводу, для любого типа людей.";"(495) 645-16-06";"admin@expark.ru";"Денис";[2008/04/02:03:49:51 PM];true;0
71;10;4;"Ариста";"Ариста";"83050";"+38 062 3341237";"";"";"http://www.arista.ua";true;14;"";"";false;"по Украине";"9.00-18.00";"ООО «Торгово-промышленное объединение «Ариста» - стабильно развивающаяся компания, имеющая многолетний опыт поставок химической продукции, сырья и товаров технического назначения на предприятия производственной и оптово-розничной сферы.";"";"advance@zveno.com.ua";"Стус В.";[2008/04/03:03:25:35 PM];true;0
72;8;4;"Альхим";"Альхим";"8132";"+38 044 98 7-37-01";"";"";"http://www.alhim.com.ua";true;14;"";"";false;"по Украине";"9.00-18.00";"ООО «Альхим» - динамично развивающаяся компания, основным направлением деятельности которой на сегодняшний день является снабжение производств, предприятий и оптово-розничных фирм товарами промышленной химии.

Нашими партнерами являются ведущие украинские и зарубежные производители.";"";"si_stoos@list.ru";"Савченко А.";[2008/04/03:03:28:59 PM];true;0
73;8;5;"Интернет-магазин сейфов.";"Интернет-магазин сейфов.";"4074";"8067.449.07.06 209.93.72";"";"311922";"http://www.prosafe.com.ua/";false;1;"";"";false;"платная.";"пон-пятн с 9.00 до 19.00, суббота с 9.00 до 15.00, воскресенье выходной.";"Интернет-магазин по продаже сейфов и металлической мебели. Сейфы: банковские, встраиваемые в пол, встраиваемые в стену, гостиничные, офисные, несгоремые, оружейные, взломостойкие, огневзломостойкие, дата-сейфы (для магнитных носителей), темпо-кассы (депозитные сейфы), мебельные, стеллажи архивные, шкафы архивные, шкафы архивные бронированные, шкафы для переодевания, шкафы файловые, шкафы для сумок.";"";"kosh222@volicable.com";"Ольга";[2008/04/04:06:57:37 PM];true;0
74;8;4;"KVtrade";"KVtrade";"4111";"233-09-33";"";"337567054";"http://www.kvtrade.com.ua";true;3;"";"http://kvtrade.com.ua/data/file/price.zip";false;"Доставка Компьютеров по Киеву бесплатно, по Украине оговаривается индивидуально.";"Пн-Пт 
9.00 - 18.00
Суббота(уточнять)";"Продажа компьютеров, комплектующих, ноутбуков, мониторов, Веб дизайн, готовые интернет-магазины";"233-09-33, 8(063)233-09-33";"kvtrade@ukr.net";"Виталий, Влад";[2008/04/08:01:06:37 PM];true;0
75;1178;5;"Badminton&Squash";"Badminton&Squash";"115304";"8 926 232 5124";"";"";"http://www.badminton-squash.ru";true;2;"";"http://www.badminton-squash.ru/catalog/yml.php";false;"Доставка по Москве осуществляется курьерской службой, стоимость доставки - 150 рублей. Доставка в другие города и регионы России и за рубеж осуществляется почтой России, курьерскими почтовыми службами и иными способами, оговариваемыми с заказчиком. Стоимость рассчитывается в зависимости от пункта назначения.";"Режим работы телефонной службы магазина: 10.00-21.00. Заказы в on-line режиме - круглосуточно.";"Интернет-магазин Badminton&Squash e-Shop предлагает широчайший ассортимент спортивных товаров для бадминтона, сквоша и большого тенниса. В нашем каталоге Вы найдете ракетки, воланы, мячи, струны, чехлы, сумки и прочие аксессуары, спортивную обувь и специальное оборудование для бадминтона (корты, стойки и т.д.).";"";"BadmSquashShop@yandex.ru";"Новикова Юлия";[2008/04/08:10:12:36 PM];true;0
76;8;5;"Заброда";"Заброда";"309";"8-(044)228-05-97";"";"264507576";"http://www.alekol.com.ua";true;14;"";"http://www.alekol.com.ua/base.xml";false;"по договоренности";"c 10.00 до 19.00";"Alekol.com.ua | Надежный как никто другой: Ноутбуки, Кпк, Компьютер, Фотоаппарат , мобильный в Киеве";"8-(044)228-05-97";"sales@alekol.com.ua";"Алексей";[2008/04/09:04:44:32 PM];true;0
77;8;5;"Express-Shop";"Express-Shop";"3055";"(044) 229-94-06";"";"351700657";"http://www.express-shop.com.ua/";true;14;"";"http://www.express-shop.com.ua/prices/price_Yandex.xml";false;"Доставка по г. Киеву осуществляется силами собственной курьерской службы БЕСПЛАТНО, независимо от суммы заказа. Также возможна доставка по Украине.";"С понедельника по пятницу: с 09-00 до 19:00.
Суббота-воскресенье: с 09-00 до 16-00.";"Интернет-магазин бытовой техники и электроники.
В магазине представлен широкий ассортимент товаров ведущих мировых и отечественных торговых марок. Перечень товаров постоянно обновляется и расширяется.
Действует накопительная система скидок.";"229-94-06";"yulia@express-shop.com.ua";"Ткаченко Юлия";[2008/04/10:11:49:06 PM];true;0
78;966;5;"Серса";"Серса";"69005";"8(0612)345600";"";"";"http://www.pricelist.zp.ua";true;5;"";"http://www.pricelist.zp.ua/yandex.php";false;"Доставка по Украине перевозчиками (САТ, Автолюкс).";"Понедельник - Пятница
8:30 - 17:30";"Реалезуем компьютеры, комплектующие и все что с ними связано.";"";"in@pricelist.zp.ua";"Корзун С. А.";[2008/04/11:04:12:44 PM];true;0
79;8;5;"Winmart";"Winmart";"4214";"(044)22-999-68,22-999-58";"aerowz";"433445492";"http://winmart.com.ua";true;2;"";"http://www.winmart.com.ua/index.php?page=product.csv_upload&option=com_virtuemart&func=export_yml";false;"Доставка бесплатная по Киеву на сумму от 200 у.е.А по Украине мы отправляем товар Автолюксом,Ночным экспрессом,Новой почтой и любым способом удобным для вас.На сайте есть ссылки на пункты выдачи груза по всей Украине.";"На нашем сайте заказы делаются круглосуточно,а по телефону мы ответим с понедельника по пятницу с 10:00 до 19:00,и субботу до 13:00";"Мы не знаем куда идут слоны,а покупатели техники идут в Winmart.Ноутбуки,мониторы,КПК,оргтехника,ИБП,мобильные телефоны и многое другое";"(044)223-17-06";"2231706@i.ua";"Владимир";[2008/04/15:12:13:52 PM];true;0
80;8;5;"Ручки Parker , Waterman";"Ручки Parker , Waterman";"3022";"+380 44 496-2827";"";"";"http://www.office-trading.com.ua/";false;1;"";"";false;"Бесплатная доставка по Киеву при сумме заказа свыше 700 грн.";"С понедельника по пятницу с 9-00 до 18-00 без обеда. Выходные субота, воскресенье.";"Ручки Паркер , Ватерман ,Дюпон ,Монтеграппа. Бизнес подарки Dalvey . Настольные наборы и аксессуары. Большой спектр сувенирной продукции.Канцелярские товары. Нанесение фирменной символики.";"+380 44 496-2827";"office-trading@bk.ru";"Юрий";[2008/04/16:11:25:15 AM];true;0
81;8;5;"MirIT";"MirIT";"4107";"8(044) 599-16-69,457-49-95, 401-00-26";"";"495107788";"http://www.mirit.com.ua";true;1;"";"http://mirit.com.ua/price/";false;"Оговаривается с менеджером.";"с 9.00 до 18.00,кроме суб.и воск.";"Мониторы,ноутбуки и КПК,копировально-печатная техника,сетевое оборудование,комплектующие для ПК,компьютерная периферия,телефония,расходные материалы,программное обеспечение,услуги.
Широкий ассортимент товаров ведущих производителей компьютерной техники и приемлемые цены не оставят Вас без желания обратится к нам за покупкой. Бесплатное сервисное обслуживание в течении гарантийного периода обеспечивается.
Мы постараемся удовлетворить Ваши потребности оперативно и качественно!!!";"8(044) 599-16-69";"web@citokom.com.ua";"Наталья";[2008/04/18:12:56:35 PM];true;0
82;8;4;"Ситоком";"Ситоком";"4107";"тел.(044)457-49-95,457-68-85";"";"";"http://www.citokom.com.ua";true;1;"";"http://www.citokom.com.ua/?page_id=217";false;"Оговаривается с менеджером";"9.00-18.00,кроме суб.,воск.";"Оперативная компьютерная помощь,комплектующие и периферия,проектирование и монтаж локальных сетей и мини АТС,сборка компьютера под заказ,обслуживание,настройка ПК по договору.";"8(044) 599-16-69";"web@citokom.com.ua";"Владимир";[2008/04/18:01:41:36 PM];true;0
83;8;4;"Технософтсервис";"Технософтсервис";"4107";"тел.(044)501-69-45,501-69-44";"";"";"http://www.tss.kiev.ua";true;14;"";"http://tss.kiev.ua/?page_id=165";false;"Оговаривается с менеджером.";"9.00-18.00,кроме суб.и воск.";"Фирма занимается заправкой картриджей,ремонтом и продажей оргтехники.";"8(044)501-69-45";"service@tss.kiev.ua";"Юрий Алексеевич";[2008/04/18:01:51:14 PM];true;0
84;8;4;"ЮА Принт";"ЮА Принт";"4107";"(044) 432-03-69; 432-99-10";"";"";"http://www.uaprint.biz.ua";true;14;"";"http://uaprint.biz.ua/prices";false;"Оговаривается с менеджером.";"9.00-18.00,кроме суб.и воск.";"Продажа расходных материалов к оргтехники.Заправка, восстановление картриджей к лазерным и струйным принтерам и копировальным аппаратам.";"8(044) 432-03-69";"uaprint@mail.ru";"Андрей";[2008/04/18:02:11:48 PM];true;0
85;1178;5;"БАСВЕЙ";"БАСВЕЙ";"105043";"(495) 796-4627, 518-0260";"";"";"http://www.busway.ru";false;1;"";"";false;"по договоренности";"01.09.2020";"Заказ автобусов без посредников в Москве, доставка сотрудников и рабочих в офисы и на объекты строительства.
-  Автобусы от 10 до 57 мест. От 450 руб./час.
- Парк автобусов состоит из: 
1) эконом класс: ПАЗ, ГАЗель, Икарус 450-700 рублей
2) иномарки: Мерседес, Неоплан, Сетра 800рублей
3) иномарки VIP класс от 1000 рублей
- Возможно долгосрочное обслуживание. оплата нал\\безнал,  НДС включен, школьники,  трансферты в аэропорты и на вокзалы. 
- Вашим звонкам всегда рады наши специалисты 518-0260";"7964627";"info@busway.ru";"Вадим";[2008/04/23:09:16:10 AM];true;0
86;11;5;"АЛЛО";"АЛЛО";"49000";"(044) 459 70 77,(056) 790 12 34";"";"491287523";"http://www.allo.ua";true;7;"";"http://www.allo.ua/files/File/1yandex.xml";false;"Доставка осуществляется в рабочие дни с 1000 до 1900, в субботу с 1100 до 1600
Товары, заказанные в воскресенье, доставляются в понедельник;
При дополнительном согласовании возможна доставка в любой удобный для Вас день;";"Осуществить заказ в нашем магазине можно c понедельника по пятницу с 900 до 1900 и в субботу с 1000 до 1500.";"Интернет-магазин АЛЛО - лидер на рынке мобильной связи и высоких технологий.";"";"filatov@allo.ua";"Roman";[2008/04/23:05:43:25 PM];true;0
87;1178;5;"Аптон";"Аптон";"127550";"(495)9716575 (495)7679829";"";"";"http://www.bynokia.ru";true;7;"";"http://www.bynokia.ru/yandex2.xml";false;"По городу Москве платная 100 (сто) рублей, приоритетная срочная доставка 500 (пятьсот) рублей.";"С 10-00 до 19-30 общаемся голосом, и круглосуточно работает сайт с онлайн заказом";"Добротный интернет магазин средств связи, на рынке с 2005 года.";"+7(906)0337032";"mylene2000@mail.ru";"Иванов Антон";[2008/04/24:10:35:36 AM];true;0
88;8;4;"Onlady.com.ua";"Onlady.com.ua";"3055";"+38 044 360-66-90";"";"5321926";"http://www.onlady.com.ua";true;1;"";"http://onlady.com.ua/export/saleinform/";false;"Курьерская доставка по Киеву.
Доставка почтой или курьерской службой по Украине, России, Беларуси и другим странам СНГ.";"Пн. - Пт.: 10:00 - 20:00
Сб.: 11:00 - 16:00";"Широкий выбор женского белья, одежды, купальников и аксессуаров: эротическое белье, сексуальная одежда, откровенные бюстгальтеры и трусики, корсеты и комбидресы, игровые костюмы, пеньюары, пижамы, вечерние и клубные платья, купальники, мини-бикини и пляжная одежда.";"+38 044 360-66-90";"roman@onlady.com.ua";"Гураль Роман";[2008/04/24:02:33:20 PM];true;0
89;8;5;"Etopodarok.com.ua";"Etopodarok.com.ua";"11331";"(044) 228-00-54";"";"";"http://www.etopodarok.com.ua";true;1;"";"http://www.etopodarok.com.ua/yandex.php";false;"Для покупки товара вы оставляете заявку в нашем интернет магазине или перезвонив по телефону 228-00-54.   Доставка по Киеву стоит 20 грн.
          Доставка в пригород города Киева - 40 грн.
          Доставка по Киеву после 18-00, стоит - 30 грн.
          Доставка крупногабаритных товаров - 35 грн.";"с10-00 до 19-00";"Интернет магазин подарков и сувениров Etopodarok.com.ua - подарки женщинам, мужчинам и детям
Каждый раз, выбирая подарки и сувениры, многие из нас неизменно сталкиваются с одной и той же проблемой – купить недорогую оригинальную вещь приемлемого качества чрезвычайно сложно. Как правило, приходится жертвовать одним из пунктов, так как совместить все три не представляется возможным.";"2280054";"etopodarok@mail.ru";"Кондратенко.Р.А";[2008/04/25:02:10:08 PM];true;0
90;8;5;"Atlet.com.ua";"Atlet.com.ua";"4211";"8-044-229-13-33";"";"";"http://www.atlet.com.ua";true;14;"";"http://www.atlet.com.ua/_export/yandex.xml";false;"Интернет-магазин работает круглосуточно. Звонки принимаются в будние дни с 9:00 до 19:00. Мы принимаем заказы через интернет-магазин 24 часа в сутки без выходных. Обрабатываются и доставляются заказы в рабочие дни с 9:00 до 19:00.";"Покупки доставят в удобное для Вас время по адресу указанному в заказе.";"Интернет-магазин Atlet.com.ua является первым на Украине электронным супермаркетом спортивных тренажеров. Благодаря удачной схеме сотрудничества с поставщиками, мы можем предложить Вам максимальное количество товаров по оптимальной цене.";"80442291333";"info@atlet.com.ua";"евгений";[2008/05/06:01:57:49 PM];true;0
91;8;5;"E-trading";"E-trading";"3055";"380681980206";"e-trading";"228307282";"http://www.e-trading.com.ua";true;1;"";"http://www.e-trading.com.ua/TEMP/PriceToYandex.xml";false;"Стоимость доставки: 30 грн. Для клиентов, которые уже приобретали товар у нас, стоимость доставки составляет 10 грн. Для владельцов карточки E-trading доставка всех товаров бесплатна.";"9:00-19:00";"Интернет-магазин электроники. Более 10 тыс. наименований. Низкие цены. Хороший сервис.";"380681980206";"info@e-trading.com.ua";"Стрельчин Дмитрий Викторович";[2008/05/12:03:32:37 AM];true;0
92;8;5;"Технотоп";"Технотоп";"3055";"239 29 75";"";"";"http://www.technotop.com.ua";false;1;"";"http://www.technotop.com.ua/prices/MarketGid.xml";false;"Доставка по Киеву бесплатно, по Украине - транспортные службы";"с 9 до 19";"Самые низкие цены на всю бытовую технику";"239-29-75";"ad380@mail.ru";"Андрей";[2008/05/12:10:58:58 AM];true;0
93;8;5;"На рыбалку!";"На рыбалку!";"1103";"044 2278828";"";"299193607";"http://www.naribalku.com.ua";true;7;"";"http://www.naribalku.com.ua/market.php";false;"Бесплатная доставка по Киеву при сумме заказа от 100грн.";"Понедельник - пятница, с 10 до 18";"Интернет-магазин рыболовного и туристического снаряжения. В магазине представлены товары таких брендов как Salmo, Shimano, Norfin, Mora, River2Sea, Holiday, Outland, большой выбор, все для зимней и летней рыбалки.";"952703160";"kozlov@naftogaz.com";"Козлов Николай Владимирович";[2008/05/13:02:08:49 PM];true;0
94;8;5;"batareika.kiev.ua";"batareika.kiev.ua";"2218";"227-1776, 332-6323, 228-5458, 228-4144";"";"";"http://www.batareika.kiev.ua";true;14;"";"http://batareika.kiev.ua/htdocs/batareika.zip";false;"Доставка по Киеву и занос в Квартиру - бесплатно (если есть лифт, он работает и техника в него помещается); доставка по области - возможна - звоните; осуществляем так же доставку по Украине посредством курьерских служб: Автолюкс, ЕвроЭкспресс и т.д.";"С ПН по ПТ: с 9-00 до 20-00;
СУББ: с 9-00 до 14-00;
Восскресения, Новый Год, Рождество, 8 Марта - выходные)";"batareika.kiev.ua - интернет-магазин-склад бытовой техники, аудио- и видео- техники, швейных машин. Всегда в наличии более 6000 моделей техники для дома. Гарантия, подключение, сервис. Три года на рынке. Наши консультанаты профессионально проконсультируют и подберут наиболее подходящую для Вас модель по заданым условиям.";"228-4144, 8-050-311-6323";"dima.kiev@gmail.com";"Дмитрий";[2008/05/20:11:28:43 PM];true;0
95;1178;5;"ТД ";"ТД ";"123098";"(495)922-75-57";"";"";"http://www.moreon.ru/";true;3;"";"http://www.moreon.ru/yaru/createyam.php";false;"Доставка по Москве (в пределах МКАД)
(курьерская служба ТД \""МореоН\"") 

Мы бесплатно доставим Вашу покупку в любой район Москвы в тот же или на следующий день с момента подтверждения заказа. Если Вы хотите точно обозначить время доставки, Вам необходимо обсудить это с менеджером магазина при подтверждении заказа, мы постараемся доставить товар в удобное для Вас время.

Доставка осуществляется по всей России!";"Без выходных, с 10.00-21.00ч.";"Мобильные осушители воздуха, компрессорные автохолодильники, термоэлектрические автохолодильники, скороварки, кашеварки, соковыжималки, метеостанции, профессиональные метеостанции, мобильные кондиционеры, электрический гриль, очистители воздуха, ультразвуковые увлажнители воздуха.";"8(926)550-96-01";"info@moreon.ru";"Михаил";[2008/05/23:12:43:41 AM];true;0
96;1178;5;"ВИП МИР";"ВИП МИР";"119021";"+7(495)950-52-17";"vipmir.ru";"381430346";"http://www.vipmir.ru";true;1;"";"http://www.vipmir.ru/convertor.php";false;"Доставка по Москве осуществляется бесплатно при заказе от 100 у.е., курьерской службой компании. При заказе до 100 у.е. стоимость доставки составляет 5 у.е.";"С 10:00 до 18:00";"""VIPMIR""- это динамично развивающееся предприятие с солидным объёмом продаж. Качество, надежность, профессионализм - за время успешной работы эти три принципа позволили фирме войти в число лидеров сувенирного рынка в Российском Интернете.
Среди наших постоянных клиентов банки, органы государственной власти РФ, а также знаменитые артисты, спортсмены, политики и бизнесмены.";"";"igor@vipmir.ru";"Беляев Игорь";[2008/05/29:12:46:46 PM];true;0
97;1178;5;"Hellride.ru - online BMX магазин";"Hellride.ru - online BMX магазин";"121521";"+7 (926) 444-53-11";"";"355808807";"http://www.hellride.ru/";true;1;"";"http://www.hellride.ru/yandex/yandex-market-hellride-export-yml.php";false;"По всей России и ближнему зарубежью - транспортными или курьерскими компаниями.";"10-22 по московскому времени, 7 дней в неделю.";"Онлайн BMX магазин - большой выбор велосипедов и запчастей от Fit, Primo, Proper, Odyssey, KHE, Macneil, Sunday. Новости из мира BMX, фото, видео. Бесплатные наклейки и диски в подарок, скидки и акции";"8 926 4445311";"info@hellride.ru";"Евгений Старостин";[2008/05/29:12:52:01 PM];true;0
98;8;5;"Electrovoz.com.ua";"Electrovoz.com.ua";"3040";"520-23-15";"";"277321305";"http://www.electrovoz.com.ua";true;1;"";"http://www.electrovoz.com.ua/yml.xml";false;"По Украине.";"09:00-19:00";"На нашем сайте Вы имеете возможность найти и заказать наиболее подходящий по характеристикам товар. У нас предоставлен широкий выбор компьютерной, офисной, портативной, фото, аудио и видеотехники.";"80445202315";"allvin@mail.ru";"Александр";[2008/05/29:01:56:29 PM];true;0
99;8;6;"АЖУР";"АЖУР";"4053";"272-04-85, 272-15-31, 502-83-82";"";"";"http://www.azhur.com.ua";false;14;"";"";false;"Оплата осуществляется у нас в офисе";"Вы можете нам звонить с 10:00 до 19:00";"Вы можете заказать туры выходного дня";"";"admin@systools.org.ua";"Андрей";[2008/05/30:07:15:14 PM];true;0
100;1178;5;"Крософт";"Крософт";"125057";"(495) 649-67-57";"crosoft.ru";"374611056";"http://www.crosoft.ru";true;14;"";"http://www.crosoft.ru/market.php?currency=RUR";false;"250 р. в пределах МКАД, при заказе свыше 5000 р. - бесплатно.";"пн. - пт. 10.00 - 19.00";"Crosoft.ru - магазин лицензионного программного обеспечения.";"(495) 649-67-57";"td@crosoft.ru";"Дмитрий";[2008/06/02:04:48:02 PM];true;0
101;1069;4;"стиральные машины";"стиральные машины";"2096";"8(044)5660668";"";"";"http://www.parus.at.ua/";false;1;"";"http://www.parus.at.ua/";false;"По Киеву бесплатно, по Украине наложенным платежом.";"8-00 до 20-00";"•	С помощью устройства Вы сможете даже обеззараживать сырую воду, фрукты, овощи, рыбу, мясные и молочные продукты и т.д
•	Выделение ионов свободного серебра для 100%-й дезинфекции обрабатываемых тканей, без кипячения и высокой температуры при стирке.
•	Первая в мире трехступенчатая система стирки и дезинфекции, обеспечивающая максимальный эффект.
•	Омагничивание воды для снижения ее жесткости, улучшения качества стирки, снижения расхода моющих средств.
•	Максимальная экономия воды, электроэнергии и моющих с";"8(044)5660668";"selenit77@mail.ru";"Владимир";[2008/06/05:10:59:46 AM];true;0
102;8;5;"Интернет-магазин""MirIT""";"Интернет-магазин""MirIT""";"4107";"8(044) 599-16-69";"";"";"http://www.mirit.com.ua";true;1;"";"http://mirit.com.ua/price/";false;"есть,оговаривае6ться с менеджером";"9.00-18.00,кроме суб.и воск.";"Мониторы,ноутбуки и КПК,копировально-печатная техника,сетевое оборудование,комплектующие для ПК,компьютерная периферия,телефония,расходные материалы,программное обеспечение,услуги.
Широкий ассортимент товаров ведущих производителей компьютерной техники и приемлемые цены не оставят Вас без желания обратится к нам за покупкой. Бесплатное сервисное обслуживание в течении гарантийного периода обеспечивается.
Мы постараемся удовлетворить Ваши потребности оперативно и качественно!!!";"8(044) 599-16-69";"web@citokom.com.ua";"Наталья";[2008/06/05:01:01:15 PM];true;0
104;11;5;"ЧП Сивцов";"ЧП Сивцов";"49000";"(056) 734 13 32";"";"356910464";"http://www.dneprotech.com.ua/";true;1;"";"http://www.dneprotech.com.ua/products/xml.htm";false;"при заказе от 500 гривен доставка по городу (до подъезда) бесплатна";"с 10 до 18 кроме выходных и праздничных дней";"Интернет магазин бытовой, аудио, видео, фото техники. Продажа по оптовым ценам со складов в Днепропетровске. Бесплатная доставка по городу (до подъезда). Время работы с 10 до 18 кроме выходных и праздничных дней.";"056 734 13 32";"contacts@dneprotech.com.ua";"Андрей";[2008/06/05:04:21:06 PM];true;0
105;8;5;"Прикольные футболки";"Прикольные футболки";"3067";"8 044 228 04 22";"";"";"http://www.maika.kiev.ua";true;14;"";"http://maika.kiev.ua/catalog[market.yandex.ru].xml";false;"Самовывоз-Киев,наличными в офисе
Крьер-Киев, курьеру
Укрпочта-по Украине, предоплата - банк, WM.";"с Понедельника по Пятницу - c 10.00 до 18.00
Суббота, Воскресенье - выходной";"Большой каталог прикольных футболок,кепок.Печать на футболках и кепках под заказ.Быстро, качественно";"";"maika-kiev@i.ua";"maika";[2008/06/18:11:55:02 AM];true;0
106;8;5;"Техника";"Техника";"8002";"5994745";"";"";"http://www.tehnica.net.ua";true;14;"";"http://www.tehnica.net.ua/index.php?show_price";false;"по г. Киеву доставка бесплатно";"режим работы: с 9.30 до 18.00 субота, воскресенье выходной";"Продажа бытовой техники, аудио, видео, встраеваемой техники, пылесосы, холодильники стиральные машины, доставка.";"5994745";"tehnica2@ukr.net";"Александр";[2008/06/26:04:05:17 PM];true;0
107;8;5;"Фотомост";"Фотомост";"1000";"+3 8(044)222-72-50";"";"";"http://www.fotomost.com.ua";true;14;"";"http://www.fotomost.com.ua/pricexls.php";false;"Курьерская доставка
Доставка по г. Киеву осуществляется БЕСПЛАТНО при заказе товара на сумму от 300 у.е.

Заказы с доставкой в тот же день оформляются до 14:00, после можно оформить заказ с доставкой на следующий день;

Доставка в регионы
Доставка в регионы осуществляется транспортными компаниями в зависимости от региона на основании действующих тарифов. Основные транспортные компании, с которыми работает наш Интернет-Магазин:
ТК \""Автолюкс\"" 
ТК \""Гюнсел\"" 
ТК \""НОчной экспресс\""";"* понедельник-пятница с 10.00 до 19.00
* суббота с 10.00 до 14.00
* Воскресенье выходной день.";"Интернет-магазин Фотомост - это новейшая фото и видеотехника.
Наш магазин постоянно работает над обновлением информации для того, чтобы Вы, дорогие покупатели, владели только самыми последними данными по товарам представленным у нас. Также для Вашего удобства мы организовали отдельную рубрику - спецзаказ. Вы можете заказать любой отсутствующий на нашем сайте товар либо новинки, ещё не поступившие на рынок; и поверьте: Вы не будете разочарованы, мы сделаем всё для того, чтобы Вы остались довольны. Мы доставл";"+38(097)956-28-12";"individuum@hotbox.ru";"Алексей";[2008/07/01:04:32:19 PM];true;0
108;8;4;"Лайнком системс";"Лайнком системс";"3039";"(044) 2514816";"";"";"http://www.linecom.kiev.ua";true;1;"";"http://linecom.kiev.ua/xml.php";false;"осуществляется платно, при помощи курьерских служб";"Пон.-Пт: 9.30-18.00
Суб. и Воск. - выходные";"Кампания предлагает широкий выбор компьютерной техники (ноутбуки,КПК, GPS навигаторы идр.), серверов и сетевого оборудования. Продажа, установка и обслуживание АТС.";"(044) 2514817";"market@linecom.kiev.ua";"Людмила Юкина";[2008/07/02:09:59:14 PM];true;0
109;8;5;"RIX.com.ua";"RIX.com.ua";"2099";"537-01-74";"";"261488266";"http://www.rix.com.ua";true;1;"";"http://rix.com.ua/shop/export2/yandex.xml";true;"1. Доставка Курьерской Службой нашего магазина осуществляется бесплатно по г. Киеву при покупке на сумму 1000 грн. и более.
Если сумма заказа не превышает 1000 грн., доставка оплачивается отдельно (20 грн.)
Сотрудники Курьерской Службы доставляют товар в срок, согласованный с покупателем.
Заказ доставляется в тот же день, если был оформлен до 16.00. Заказы, оформленные после 16.00 доставляются на след. день.

Режим работы Курьерской Службы:
Пн - Пт: с 10:00 до 19:00
Сб: с 10:00 до 16:00
Вс: выходной.";"Интернет-магазин Rix.com.ua
    Пн.-пт. 9:00 - 18:00
    Сб. 10:00 - 16:00";"О нас
    RIX.com.ua - это магазин для тех, кто ценит свое время.
    Мы предлагаем Вам широкий выбор товаров и обеспечиваем профессиональный сервис. Консультанты нашего магазина помогут Вам сделать правильный выбор, быстро оформить заказ и получить товар в удобное для Вас время.

    График работы
    Сделать заказ в Интернет-магазине RIX.com.ua можно круглосуточно.

    Интернет-магазин Rix.com.ua
    Пн.-пт. 9:00 - 18:00
    Сб. 10:00 - 16:00";"537-01-74";"add@rix.com.ua";"Владислав Эликович";[2008/07/08:05:56:17 PM];true;0
110;11;5;"mobi-shop.in.ua";"mobi-shop.in.ua";"49000";"8(056)790-48-21";"";"367414608";"http://www.mobi-shop.in.ua";true;1;"";"http://www.mobi-shop.in.ua/xlshop/catalog/saleinform.xml";false;"Стоимость доставки по г.Днепропетровск 30 грн.";"Пн. - Пт. с 9:00 до 17:00";"Продажа мобильных телефонов, КПК, коммуникаторов, цифровых фото и видеокамер, ноутбуков, GPS-навигаторов, плееров, гарнитур bluetooth, телевизоров. Интернет-магазин mobi-shop.in.ua. Тел 8(056)790-48-21, 8(095)032-10-33. г. Днепропетровск, ул.Белостоцкого, 143.";"";"ts_u@ukr.net";"Шевченко Татьяна";[2008/07/13:05:33:49 PM];true;0
111;8;5;"V.I.P.Gift";"V.I.P.Gift";"2121";"(044)360-06-69";"";"";"http://www.vipgift.com.ua";true;1;"";"http://www.vipgift.com.ua/saleinform.php";false;"При цене покупки от 500 грн. бесплатно по Киеву. До 500 грн. - доставка 30 грн. по Киеву. Доставка по Украине оговаривается индивидуально.";"Заказы с сайта круглосуточно. По телефону - с 9.00 до 20.00";"Vipgift.com.ua – является  интернет-магазином элитных подарков для людей, расположение и отношение которых Вам далеко не безразлично. У нас Вы найдёте уникальные предметы, такой подарок подчеркивает статус обладателя, им можно любоваться бесконечно, а Вы, преподнеся его, покажете Ваш тонкий вкус и интеллект.
Мы предлагаем Вашему вниманию уникальные подарки от ведущих фирм производителей. Что бы вы не выбрали, такой VIP подарок как нельзя более удачно дополнит любой интерьер, станет любимым развлечением его ";"(044)360-06-69";"office@vipgift.com.ua";"Ирина";[2008/07/21:10:12:15 PM];true;0
112;1178;5;"InPresent";"InPresent";"109382";"5896991";"";"";"http://www.inpresent.ru";true;2;"";"http://inpresent.ru/xml.php";true;"Доставку осуществляем по Москве и России.";"с 10 до 19 часов";"В магазине собраны сотни изделий со всего мира, от недорогих до эксклюзивных. 
Изделия из кожи, визитницы, настольные наборы, часы, барометры, ручки, статуэтки, 
шкатулки, шахматы, нарды.";"5896991";"roma@inpresent.ru";"Роман";[2008/08/06:04:29:09 PM];true;0
113;1178;5;"Мister Parker";"Мister Parker";"109382";"5896991,6265237";"";"";"http://www.mister-parker.ru";true;2;"";"http://mister-parker.ru/xml.php";false;"Москва и Россия";"с 10 до 19 часов";"Интернет - магазин элитных ручек. Ручки известных фирм производителей Parker, Waterman, Cross и многие другие.";"5896991";"roma@inpresent.ru";"Роман";[2008/08/06:04:34:27 PM];true;0
114;8;5;"DVCOMP";"DVCOMP";"4128";"361-94-14";"";"494808919";"http://www.dvcomp.kiev.ua/";true;1;"";"http://www.dvcomp.kiev.ua/export.php";false;"Бесплатная";"Пн-пт 9.00-18.00";"Интернет-магазин,ноутбуки,компьютеры,компьютерная техника,лазерные принтеры,струйные принтеры,МФУ,многофункциональные устройства,мониторы,офисная техника,фототехника,видеотехника,бытовая техника,видеокамеры,сумки,бесплатная доставка,доставка по Киеву";"";"dima@dvcomp.kiev.ua";"Дмитрий";[2008/08/06:05:24:25 PM];true;0
115;1050;5;"Elcosmetic";"Elcosmetic";"73000";"80500419478";"";"420142507";"http://www.elcosmetic.com.ua/";true;14;"";"http://www.elcosmetic.com.ua/yandex.xml";false;"доставка бесплатная по всей Украине";"круглосуточно";"Интернет-магазин эксклюзивной нишевой косметики и парфюмерии: Montale, Indult, Solange Azagury-Partridge,  Xerjoff, , минеральная косметика Da Vinci, Dr. Hauschka,   элитная косметика La Prairie, Sisley, Clinique, L`Occitane и др.";"";"elcosmetic@ukr.net";"Наталья";[2008/09/01:09:53:58 PM];true;0
117;1069;5;"Tovarnadom.com.ua";"Tovarnadom.com.ua";"1326";"8-068-124-37-82, 8(044) 36-166-12";"";"";"http://www.tovarnadom.com.ua";true;7;"";"";false;"Интернет-магазин для фото и видео операторов www.tovarnadom.com.ua доставляет профессиональное  фото и видео оборудование для фото и видео студий по  Киеву и  в любой город Украины";"понедельник-пятница
9.30-18.00";"Интернет-магазин для фото и видео операторов www.tovarnadom.com.ua предлагает профессиональное  фото и видео оборудование для фото и видео студий.";"8-068-124-37-82, 8-068-133-48-93";"tovarnadomcomua@yandex.ru";"Элина, Галина";[2008/09/01:09:53:58 PM];true;0
118;8;5;"xshop";"xshop";"1014";"221-38-58";"";"";"http://www,xshop.com.ua";true;14;"";"http://www.xshop.com.ua/price.marketyandex.php?cat_id=144";false;"доставка  производится в течении дня после заказа по всей територии Украины";"с 8-19 
воскресение выходной";"Интернет магазин в Киеве аудио, видео, фото, бытовой техники - Xshop";"";"admin@xshop.com.ua";"Вадим";[2008/09/01:09:53:58 PM];true;0
119;8;5;"Technolider";"Technolider";"2154";"229-94-06";"";"";"http://www.technolider.com.ua";true;14;"";"http://www.technolider.com.ua/prices/price_Bigmir.xml";false;"Бесплатная";"с 09:00 до 19:00";"Интернет-магазин электроники и бытовой техники";"";"smile-y@meta.ua";"Юлия";[2008/08/28:12:46:24 AM];true;0
120;1178;5;"Академия ремонта";"Академия ремонта";"123363";"+7-495-789-59-62";"";"";"http://www.quke.ru/";true;1;"";"http://www.quke.ru/yml/yml.php";false;"Доставка товара по Москве осуществляется после подтверждения заказа менеджером на следующий день, либо в удобный для Вас день в интервале: с 10:00 до 14:00, или с 14:00 до 18:00.
Экспресс доставка по Москве осущетвляется в течение 2-3 часов с момента заказа.
Есть возможность самовывоза товара.
Стоимость доставки:
По Москве в пределах МКАД – 200 рублей. 
По Москве в пределах МКАД Экспресс (доставка в течение 3 часов) - 350 рублей.";"Круглосуточно, 7 дней в неделю!";"Очень быстрый интернет-магазин сотовой связи.";"789-59-62";"ivan@quke.ru";"Иван";[2008/08/28:02:44:28 PM];true;0
124;11;5;"mebelini";"mebelini";"49101";"8-800-300-20-30";"";"";"http://www.mebelini.com.ua/productions";true;1;"";"";false;"Доставка по всей Украине";"ПН-ПТ 9:00-18:00";"Интернет-магазин Mebelini предлагает мебель для комплексного оборудования офисных рабочих мест, директорских кабинетов, конференц-залов, приемных, кафе, баров, ресторанов, учебных заведений, столовые домашние группы, мебель для оборудования домашних компьютерных мест. 
Ассортимент характеризуется оптимальным сочетанием ЦЕНЫ и КАЧЕСТВА. Со склада производителя. Доступные цены. Доставка по всей Украине.
http://www.mebelini.com.ua/productions
Украина, 49101, г. Днепропетровск, ул. Войцеховича, 53а
горячая лини";"";"mebelini@ukr.net";"Таня";[2008/10/12:03:01:06 PM];true;0
125;8;5;"Бекар";"Бекар";"1135";"(044)578-2083, 486-3477, 486-7637, 482-3276, (066)713-1002, (063)578-2083";"";"45635401";"http://www.bekar.kiev.ua";true;7;"";"http://bekar.kiev.ua/index.php?show_price=yes";false;"по Киеву, цена договорная";"Понедельник-Пятница  с 9-00 до 17-00";"Продажа компьютерных комплектующих, оргтехники, ноутбуков ИБП, мобильных телефонов, MP3-плееров, фототехника, видеотехника, телевизоры, автоэлектроника, автомагнитолы, сигнализации,  автоакустика, центральные замки, автомобильные телевизоры, DVD-плееры..";"(044)578-2083, 486-3477";"andrey@bekar.kiev.ua";"Андрей";[2008/11/12:09:00:52 PM];true;0
126;11;5;"shopdvd";"shopdvd";"49000";"80938726138";"";"";"http://shopdvd.org.ua/";true;14;"";"http://shopdvd.org.ua/index.php?download_price=yes";false;"Укрпочта, курьер по Днепропетровску";"Круглосуточно";"Интернет магазин игр на DVD дисках для компьютеров и Sony Playstation 2, курьерская доставка и доставка почтой - Интернет магазин игр на DVD дисках для компьютеров и Sony Playstation 2, курьерская доставка по Днепропетровску и доставка почтой";"80938726138";"graf.ne@gmail.com";"Игорь";[2008/11/12:09:00:52 PM];true;0
127;1073;4;"Projector-Lamps.by";"Projector-Lamps.by";"220072";"+375 (17) 210-19-05";"dmitry8864";"384425558";"http://www.projector-lamps.by";true;14;"";"http://www.projector-lamps.by/xml_s.php";false;"самовывоз";"с 9:00 по 18:00";"У нас вы можете купить мультимедийные проекторы, лампы для проекторов и проекционных телевизоров. Только безналичный расчет.";"";"freeman@sota.by";"Дмитрий Тысевич";[2008/11/12:09:00:52 PM];true;0
128;8;5;"Мир Покупок";"Мир Покупок";"3067";"229-43-39";"";"";"http;//WWW.MIR-POKUPOK.COM.UA";true;14;"";"http://www.mir-pokupok.com.ua/download/prajs.xls";false;"Киев и область";"пн.-сб. с 9 до 19";"Бытовая техника по низким ценам.";"";"info@mir-pokupok.com.ua";"Алексей";[2008/11/12:09:00:52 PM];true;0
129;8;5;"Top Shop";"Top Shop";"3680";"8044 4590225";"";"471649499";"http://www.ru.topshop.kiev.ua";true;1;"";"http://www.topshop.kiev.ua/ua/Saleinform.xml";false;"Доставка по Украине - почтой
Доставка по Киеву - курьером
Оплата по факту получения";"Сделать заказ на нашем сайте - Вы можете сделать круглосуточно";"На сегодня Top Shop - является наиболее известной торговой маркой телевизионных продаж, которая работает на рынках 20 стран Восточной и Центральной Европы. В Украине мы начали свою деятельность с 2004 года и успешно продолжаем развиваться";"8050 344 02 14";"igor.mishko@studio-moderna.com";"Игорь Мишко";[2008/11/05:05:25:44 PM];true;0
130;1178;5;"Часы";"Часы";"109518";"7826789";"";"358790019";"http://www.shopcarry.ru";true;3;"";"http://www.shopcarry.ru/price.php";false;"ShopCarry.ru доставляет заказы в более чем 2000 населенных пунктов Российской Федерации. Доставка за пределы РФ, в том числе в страны СНГ, в настоящее время не производится. 
Доставка по Москве
Доставка по Москве осуществляется курьерской службой ShopCarry.ru  . 
Стоимость доставки: 
в пределах МКАД — 200 рублей 
в пределах МКАД, при сумме заказа от 15000 рублей и выше — бесплатно 
за приделы МКАД , 250 рублей + 30 рублей за каждый километр. 
Более подробную информацию о доставки узнавайте по телефону (495)";"Наш магазин работает с понедельника по пятницу с 9:00 до 19:00. В субботу с 9:00 до 17:00 , воскресенье выходной .";"В первую очередь, ShopCarry.ru — это интернет-магазин, то есть Вы можете выбрать товары, оформить заказ и оплатить его, не покидая кресла возле компьютера. Доставку заказа мы также берем на себя.";"7826789";"info@shopcarry.ru";"Роман";[2008/11/06:02:34:12 PM];true;0
131;8;5;"Alekol.com.ua";"Alekol.com.ua";"2139";"228-05-97";"";"476769943";"http://www.alekol.com.ua";true;1;"";"http://www.alekol.com.ua/bigmir.php";false;"Есть";"Пн-Пт с 10 до 19";"Интернет-магазин: Alekol : Надежный как никто другой:мы сможем дать вам то что вы ищите и отнесемся к этому должным образом!";"228-05-97";"alex@alekol.com.ua";"Алексей";[2008/11/09:01:51:25 AM];true;0
